<?xml version="1.0"?>
<config xmlns:xsi="http://www.w3.org/2001/XMLSchema-instance"
        xsi:noNamespaceSchemaLocation="urn:magento:module:Magento_Config:etc/system_file.xsd">
    <system>
        <tab id="rltsquare" translate="label" sortOrder="100">
            <label>Rltsquare</label>
        </tab>
        <section id="custom_section" translate="label" type="text" sortOrder="100" showInDefault="1" showInWebsite="1"
                 showInStore="1">
            <label>Custom Module</label>
            <tab>rltsquare</tab>
            <resource>RLTSquare_TrainingTask::config</resource>
            <group id="custom" translate="label" type="text" sortOrder="50" showInDefault="1" showInWebsite="1"
                   showInStore="1">
                <label>Custom Options</label>
                <field id="customer_group_list" translate="label" type="multiselect" sortOrder="40" showInDefault="1"
                       showInWebsite="1" showInStore="1">
                    <label>Customer Groups</label>
                    <source_model>RLTSquare\TrainingTask\Model\Adminhtml\System\Config\Source\Customer\Group</source_model>
                </field>
            </group>
        </section>
    </system>
</config>
