<?xml version="1.0"?>
<schema xmlns:xsi="http://www.w3.org/2001/XMLSchema-instance"
        xsi:noNamespaceSchemaLocation="urn:magento:framework:Setup/Declaration/Schema/etc/schema.xsd">
    <table name="sales_order" resource="default" engine="innodb" comment="Instructions">
        <column xsi:type="varchar" name="flower_instructions" nullable="false"/>
    </table>
    <table name="sales_order_grid" resource="default" engine="innodb" comment="Instructions">
        <column xsi:type="varchar" name="flower_instructions" nullable="false"/>
    </table>
    <table name="quote" resource="default" engine="innodb" comment="Instructions">
        <column xsi:type="varchar" name="flower_instructions" nullable="false"/>
    </table>
</schema>
